entrydate,userid,name,seibetsu,age,totalmoney,birthday
2020/03/08,HU39574,ワカ,women,29,70000,1991/02/03
2020/08/02,AD46118,ナソホマエ,men,67,14000,1952/10/15
2019/10/28,VB37198,レメラ,men,62,57000,1957/11/09
2020/02/10,PD19393,ニホカ,men,49,4000,1971/06/05
2020/07/03,OJ58639,トラ,men,51,57000,1968/12/29
2019/12/16,CP61952,マタ,women,43,16000,1977/04/08
2020/04/22,OM71197,リタラサニ,women,41,42000,1978/09/17
2020/02/15,OG23382,コヘ,men,81,94000,1938/09/18
2019/09/15,UD59572,ソモ,men,44,84000,1976/04/04
2020/08/03,NX83053,マサレハ,men,26,59000,1993/08/30
2019/09/29,XX49955,カヲナヌクオ,women,79,92000,1941/05/09
2020/06/08,XO95165,ソムエヘ,men,24,68000,1996/06/30
2020/02/02,VT42918,キミフユ,women,24,10000,1996/06/09
2019/09/19,YC58300,ケンクモユ,men,44,81000,1975/11/05
2019/10/08,CU25684,ハルヤヘ,men,64,66000,1955/09/28
2020/01/11,KO58375,ウヨエル,men,81,77000,1939/07/17
2020/05/06,AW43269,スチヤ,men,49,79000,1971/05/24
2020/05/28,YA86432,ヒウエナヘワ,men,54,89000,1965/09/29
2019/09/18,HE72746,ナヤサネカ,women,22,3000,1997/11/14
2020/04/05,TR85902,ワカフサネム,women,66,88000,1954/05/06
2019/11/20,WI34905,ヌモナヘノ,women,81,45000,1938/11/07
2020/05/15,MM99025,スフシソ,women,65,58000,1955/03/03
2019/12/23,DE33048,ウアハ,men,34,80000,1986/01/27
2020/06/24,NK23963,ムオセエケ,men,47,56000,1973/04/16
2019/11/29,DX74182,チリリホミワ,men,67,48000,1953/01/25
2019/09/08,HG95133,ニソニクナヒ,men,59,69000,1961/06/18
2020/08/04,RK23006,シセミソアセ,men,48,85000,1972/06/18
2020/01/26,EB93273,ハキ,men,28,41000,1992/06/01
2019/11/06,TY14006,ニフヌスア,men,76,31000,1943/08/29
2020/01/30,AM16586,コケ,men,56,65000,1964/06/16
2019/11/25,ZJ17905,レケニツケア,women,34,96000,1985/11/04
2020/06/22,UL97986,ソワ,women,74,67000,1946/03/12
2020/05/17,CL83363,レアハ,men,35,25000,1985/04/03
2020/03/31,XW55816,クラテヲタモ,men,50,20000,1969/12/31
2019/08/28,HK79744,ヲヤ,men,62,56000,1957/08/16
2019/09/30,MZ19312,ソニナカ,men,35,62000,1984/10/14
2019/12/03,QC38610,ヲタヨ,women,52,47000,1968/02/14
2019/12/01,DY46199,スナノヲ,men,30,27000,1990/02/09
2019/08/18,AT74193,ユヲサムルン,men,56,1000,1963/09/11
2020/01/27,QR43395,ケウツンチ,women,43,2000,1976/10/11
2019/12/13,VN74398,ホナメ,women,29,76000,1990/09/30
2020/03/05,ZG34401,アヘユレヘ,women,75,44000,1944/12/18
2020/05/13,FP12851,ヌロコカセキ,women,65,56000,1955/07/01
2020/04/01,VI45385,ウカ,men,25,15000,1994/12/14
2020/04/10,TF50387,マイス,men,61,7000,1959/01/02
2019/08/23,OT52892,テム,men,43,95000,1976/08/20
2019/12/15,DC50957,チン,women,66,8000,1954/04/08
2020/04/01,XC25612,ルノンサト,men,76,17000,1943/12/12
2020/02/22,IU45079,ヲカ,men,35,79000,1985/05/17
2019/12/19,GI82758,ツツメ,men,67,12000,1952/09/13
2019/10/25,LA84714,セイ,women,53,78000,1966/10/05
2020/02/23,FI83836,サヤツヌ,women,47,11000,1973/05/06
2020/01/05,HO98671,リヲヨ,women,24,88000,1996/05/25
2019/11/03,DJ86986,イヘウウワレ,women,30,21000,1990/05/14
2020/01/04,WN44501,テエ,men,82,10000,1938/08/04
2020/03/12,PF78629,シン,men,62,12000,1958/07/05
2019/09/27,RK99675,テメロ,women,62,79000,1958/04/27
2020/07/12,WR92312,ロミニヌヨ,men,60,12000,1959/08/21
2020/07/08,CY60226,ヒスヲ,women,24,35000,1995/11/28
2019/12/12,ZM54114,セオ,men,63,58000,1957/05/22
2019/11/29,SE60196,イロヤ,women,25,85000,1994/11/18
2020/02/08,XY51250,サモワチク,women,39,44000,1981/06/26
2020/02/11,LW34543,ヌネニヘヘ,men,36,21000,1984/08/01
2020/01/24,NL98826,トマソ,men,58,82000,1962/07/18
2019/10/03,RZ32408,ヌヌスヒヨヌ,men,41,19000,1978/09/13
2020/03/15,IB45810,ソウヌ,men,65,38000,1955/06/04
2020/06/12,IA21250,クツ,men,63,94000,1956/12/03
2019/12/01,ZS76040,ヒウスハサホ,women,46,42000,1974/02/11
2019/11/06,RN33250,キユヘヤ,men,75,88000,1945/01/12
2020/04/27,GB24625,サヤメフアソ,women,30,26000,1990/01/06
2020/02/14,SA40512,キル,women,44,32000,1975/10/09
2019/11/12,ID72254,メヌ,women,35,91000,1984/08/31
2020/02/03,RJ77713,タテタオ,women,81,12000,1939/05/16
2019/09/04,CL84139,リイソホツ,women,46,20000,1974/02/10
2019/08/25,JH84421,ホケ,women,22,58000,1998/07/28
2019/12/26,BR98530,エヒトミ,men,33,72000,1987/03/22
2019/10/01,QU93258,ソツエアソウ,women,32,58000,1987/10/31
2020/03/11,HJ76101,ケキウ,men,35,89000,1984/12/04
2019/09/04,AD47015,アイ,women,42,41000,1978/04/11
2019/09/08,OY75709,シトイツキ,women,24,91000,1995/12/02
2019/09/27,JQ21824,ソホラレコ,women,69,45000,1951/02/15
2020/07/13,JY19882,ンラカテヤヒ,women,73,14000,1947/03/27
2020/01/03,KR88906,ユツアサナラ,men,49,36000,1971/02/26
2019/08/26,DM38954,リアム,women,52,96000,1967/08/12
2020/04/16,NM44983,サミカネスメ,women,60,36000,1959/09/23
2020/03/23,ZC91239,ラノントルメ,women,59,44000,1960/10/10
2020/03/23,OQ21535,ノフヤクネ,men,67,51000,1953/03/30
2019/08/14,OQ18378,ホネアスク,women,54,79000,1966/01/30
2020/04/24,DP58689,ホネメチネ,men,48,90000,1972/03/22
2020/03/23,AU52327,ホユ,women,32,4000,1988/04/08
2020/04/23,CW41711,ルカヘウ,men,80,44000,1940/08/03
2019/10/28,QN33630,コエユメ,men,78,43000,1942/06/15
2020/06/25,AI13616,フスサ,women,29,71000,1990/11/18
2019/10/03,SN41183,ソテトホコ,men,49,13000,1970/08/08
2020/07/19,TK17120,メアイモ,women,67,28000,1952/11/22
2020/06/27,QG77161,リコヨ,men,53,91000,1967/05/02
2020/05/06,SH57635,ロスイノホモ,men,56,17000,1963/12/26
2019/09/14,LU71363,カコミサ,women,39,59000,1980/09/03
2020/07/31,OQ68001,ソミ,women,38,10000,1981/09/05
2020/04/11,WX55224,コラア,women,74,87000,1945/08/06
2020/07/22,NC83446,レキケネヒ,women,58,89000,1961/12/29
2020/03/05,ZI46135,テミエイサ,women,60,93000,1959/10/31
2019/12/07,JJ37430,ンウ,women,50,41000,1970/01/15
2020/01/22,BL59221,レホ,women,74,5000,1946/06/24
2020/04/03,IQ96048,ヒネヒスヤ,women,43,57000,1977/05/18
2019/08/20,UY22397,ヲスカコ,men,65,54000,1955/04/05
2020/08/04,OU48719,メオムユソ,men,22,80000,1997/10/14
2020/04/25,CH67033,ナセエンツ,men,67,25000,1952/09/04
2020/04/12,GQ41536,チソヘマナユ,men,26,97000,1993/10/06
2020/06/05,GI57615,ヒハヲチ,women,24,77000,1995/09/10
2019/08/29,SP94227,ンヨスヨセ,women,66,17000,1954/05/27
2020/06/11,BM96186,ツメヤナニミ,women,80,77000,1939/12/02
2020/03/11,DL82449,テホアヘ,men,31,71000,1988/12/24
2020/03/30,VV13804,ンハチ,women,40,84000,1980/03/25
2020/06/03,CC44530,フチ,women,79,59000,1940/10/23
2020/06/13,AK19532,ヲム,women,75,92000,1945/01/07
2019/10/27,OG56585,シスサネチ,men,25,36000,1995/02/26
2020/06/16,HT83124,ンワテムタ,women,29,35000,1990/12/19
2019/10/09,DS44151,クトシ,women,46,61000,1974/03/29
2020/03/12,DL71712,チノウナタコ,women,33,53000,1986/10/30
2019/09/14,UV36935,ヤタ,women,56,39000,1963/08/17
2019/08/19,QD76426,サハ,women,61,14000,1958/10/17
2020/04/02,UO24514,ヌトユトリ,men,37,85000,1983/05/03
2020/04/11,LT79395,ヨヲミハリ,men,47,44000,1972/08/19
2020/03/11,NQ93164,ネフ,men,57,99000,1963/07/11
2020/03/12,WC99661,センヘハ,women,71,89000,1949/06/07
2020/05/24,CW35244,フス,men,37,68000,1982/10/21
2020/07/18,UN52388,クキシキヌ,men,79,81000,1941/01/27
2020/01/04,ZZ56826,シマセ,women,23,90000,1997/01/04
2020/04/02,IC73274,ルニニネ,women,67,92000,1953/02/18
2020/07/09,IJ50217,ロクヲ,men,34,34000,1985/11/10
2019/11/10,DF45532,ヤホメ,men,25,36000,1995/06/09
2020/03/11,ZP65454,レニソ,women,44,55000,1976/01/10
2019/10/31,SP83767,トンツイウ,men,66,36000,1954/03/27
2020/05/12,SB79875,イミクオホ,men,74,65000,1946/01/20
2020/04/21,AF66572,レツホクスウ,men,25,29000,1994/12/08
2020/02/01,ZW14329,ソヤテツ,men,72,46000,1948/04/24
2020/03/01,SX82836,タウムキヲ,women,70,89000,1950/02/06
2019/10/14,GQ27167,オキアコ,men,42,52000,1978/03/24
2020/05/10,CS82710,エヨリトネト,women,25,10000,1995/01/06
2020/06/21,XK49657,ワメリシ,women,35,78000,1985/03/18
2019/12/04,CT98833,ネレ,women,48,46000,1972/02/27
2020/03/17,TI28211,ネハミウ,women,70,1000,1950/08/03
2020/05/19,WV54351,ミテシキホ,men,58,91000,1961/10/25
2020/06/27,WQ54535,ソラ,women,79,85000,1941/05/07
2020/04/06,YK74555,サニネ,men,53,25000,1967/03/06
2020/05/24,UH72102,ナキロヘメヨ,women,62,90000,1958/04/10
2020/02/22,JB74932,イメ,women,42,25000,1977/08/10
2020/07/22,HQ55430,ネフイテソ,men,76,79000,1944/02/17
2020/02/04,AK13888,レテタネ,men,51,16000,1969/05/15
2020/07/13,VH24416,スカタユ,women,32,93000,1987/10/30
2020/01/03,NN19781,ンユオリネ,women,64,75000,1955/10/10
2019/11/24,PU71849,エフメヨ,men,56,89000,1963/11/14
2019/10/27,OV96030,ロオサワマ,women,41,65000,1979/03/24
2019/09/15,TP90339,ノレミサ,men,53,38000,1967/01/15
2019/11/22,IB87604,レニ,men,69,50000,1951/03/16
2019/10/19,ZY78683,ソヌヤケマヤ,men,49,30000,1971/04/17
2019/11/07,ZK27845,キロミレヨユ,men,53,83000,1966/08/17
2020/04/27,ML22602,エトクヘス,men,74,96000,1946/06/17
2019/11/24,KM45278,ステ,men,50,65000,1969/08/13
2020/07/13,DF15318,ヘヲ,men,61,16000,1959/06/25
2020/01/20,TT65663,トケ,women,25,93000,1995/06/20
2020/04/25,OJ85759,ニオヨマ,men,21,25000,1998/08/06
2019/09/20,IA39979,ニヌテ,men,62,18000,1958/01/08
2020/06/27,MA58407,ハソシレレ,men,54,42000,1966/04/26
2019/12/14,ZC62393,ツカホミ,men,50,62000,1970/06/10
2019/10/23,WI99347,ユルソ,men,29,72000,1991/03/29
2019/08/24,TI72514,ムヌカヤフア,men,78,36000,1941/08/18
2019/10/10,LX33838,スアレル,women,25,38000,1995/01/29
2019/10/31,DS36814,ヨロシル,men,63,57000,1957/07/08
2020/02/29,AI80015,ヒリユオチ,women,24,80000,1996/05/13
2020/05/15,LL40821,クムイ,men,69,98000,1950/09/04
2020/07/31,LU20214,カノシサメ,men,66,4000,1954/06/23
2019/12/05,FW29065,ウケエ,men,51,17000,1969/02/28
2020/03/07,FO51785,タウ,women,42,59000,1978/03/04
2019/08/16,SM24650,ホリアカニエ,men,23,59000,1996/12/10
2019/10/17,IS95897,トムンノ,women,57,55000,1963/01/20
2020/03/31,BK33683,イニ,women,43,35000,1977/02/09
2019/09/08,KT44492,シサヘンソ,women,68,71000,1951/12/08
2020/01/24,SU83072,コワコ,men,42,94000,1978/05/15
2020/07/29,IC31088,サキ,men,66,23000,1954/04/20
2020/06/04,YC99001,ラサナケオラ,men,29,36000,1991/07/18
2020/03/28,IC18531,アスムモノク,women,71,18000,1948/09/02
2020/02/18,RW36735,ワウ,women,27,38000,1992/11/05
2020/07/26,JP57290,ヤマ,men,50,82000,1970/07/02
2020/08/04,LB65141,ハヨモテレ,women,66,98000,1954/06/08
2020/03/26,ZH46814,ワルワ,men,37,48000,1983/01/19
2019/11/05,DK92190,ソユ,men,62,5000,1958/08/04
2020/01/14,UY66324,タテウ,men,74,17000,1946/05/04
2020/03/27,GE42280,リヤヒチ,women,56,99000,1964/01/01
2019/11/15,IT78889,ヒンクルフク,women,59,70000,1960/10/01
2020/01/31,JX61402,ミレ,men,40,88000,1980/01/28
2019/09/30,IX13563,ヨメネウワル,women,59,88000,1961/02/04
2019/11/09,SE70546,モクコ,women,41,72000,1979/03/01
2020/02/26,CR51858,シミ,women,51,25000,1968/11/19
2020/08/04,ST20592,ミヤケトヤユ,women,65,40000,1955/01/01
2019/11/02,FZ91206,トミニハワノ,women,39,77000,1981/06/19
2020/07/12,GZ51217,サマ,women,76,92000,1943/10/29
2020/07/08,FQ32907,アムミ,men,65,78000,1954/11/16
2020/05/27,TQ65265,ツリトリヲ,women,44,56000,1975/10/06
2019/09/06,NU45263,ケマイエフモ,women,28,1000,1991/09/12
2020/07/20,TZ60147,コムフニミ,men,37,94000,1983/02/04
2019/11/07,YM76397,ウヘツオセ,men,77,72000,1943/06/22
2020/04/21,FJ15933,ハヨワワオ,women,78,87000,1942/07/06
2019/10/20,AV81805,ユヲフ,men,48,30000,1972/01/30
2020/01/05,BM56245,ヒソヨ,men,34,97000,1985/08/20
2019/12/14,BJ28529,ウイヲ,men,37,46000,1983/03/25
2020/06/18,UA67749,ラニヘ,women,56,57000,1963/12/12
2020/07/17,YP33423,ウラノ,men,40,77000,1980/07/29
2019/11/19,UF24240,マテ,women,55,32000,1964/09/08
2020/08/05,IK65160,フタフムン,men,23,22000,1997/05/22
2020/06/16,HI83741,クオ,men,28,56000,1992/03/20
2019/08/19,RQ36618,ハツンヨ,men,79,21000,1941/05/22
2019/10/03,LJ81914,ヤヒナカソ,men,70,40000,1950/01/17
2020/02/15,AO83005,ロホタワロ,women,41,86000,1978/12/27
2019/11/25,DK40272,イラヨハ,women,66,15000,1953/10/31
2019/11/20,WO58960,ンワ,men,49,89000,1971/04/16
2019/08/10,MI61034,ヲツミリラ,men,46,87000,1974/02/04
2020/07/06,LK45246,タヨクヌニ,women,47,40000,1972/11/18
2020/05/03,SU45904,シワラ,men,67,48000,1952/12/18
2019/08/29,BX66707,キルフイソモ,men,76,82000,1943/10/19
2020/01/21,ZL40860,ユナナンロホ,men,38,92000,1981/11/11
2020/01/05,EU34664,テヨ,men,30,50000,1990/04/07
2019/09/12,MA97162,メロメヤワネ,men,52,61000,1967/08/12
2020/03/05,LQ53693,ヒナ,women,38,75000,1982/02/24
2020/01/23,RA37710,エヒトアテス,women,57,28000,1962/09/08
2019/11/05,VI36590,フンリヒ,men,43,3000,1977/04/01
2020/02/01,AQ57606,ロス,men,27,98000,1993/06/28
2020/06/29,OD46216,イラキレ,men,43,6000,1977/01/25
2020/05/31,QM61625,セムヘ,men,68,32000,1951/11/05
2019/12/26,PL46672,ソイウス,men,25,75000,1995/04/07
2019/12/13,UU31226,ウノラモニハ,men,64,91000,1955/11/16
2020/01/03,IJ70498,クヨシリテキ,women,62,10000,1957/09/26
2020/07/30,NB28294,サオタ,men,35,67000,1984/11/14
2020/02/22,YW70669,イヤリヒクケ,women,62,72000,1957/12/20
2020/08/03,JM97976,ネチンム,men,22,60000,1997/09/16
2020/06/30,PJ26779,チスニスロ,men,41,74000,1978/08/09
2020/01/02,DS63430,ムワホエヒ,women,32,40000,1987/10/07
2019/09/19,DH19480,ロタ,women,58,57000,1961/11/13
2020/06/26,SV27215,ハテレケタ,women,79,87000,1940/08/14
2020/04/10,TD20510,トヌオカユア,women,47,46000,1973/01/26
2020/06/10,XV81458,アメイシ,men,64,75000,1956/03/25
2020/06/02,DZ62838,ロラワリユ,men,49,55000,1970/09/17
2020/06/27,HN81427,カミレタ,women,61,89000,1958/11/22
2020/04/24,AU59294,ヤヤヌイ,men,62,40000,1958/02/19
2019/10/19,EL73309,ロシ,men,57,42000,1963/06/24
2019/10/17,ID39690,ヒスタマワホ,men,75,24000,1945/05/11
2020/06/04,BI87848,ロヨ,men,35,90000,1984/10/28
2020/07/27,QQ87147,ラノサホ,women,39,96000,1981/05/31
2019/10/21,IR62025,ラレノ,women,57,65000,1962/09/05
2019/09/11,VV46611,ウムムン,women,27,17000,1993/05/12
2020/06/30,GY27446,スワ,men,37,85000,1983/05/16
2019/09/28,YI88172,シマトエ,women,40,48000,1980/01/11
2020/02/29,EL86446,シワホウヲ,women,35,25000,1985/05/03
2020/02/08,RC46531,エトヌ,women,39,47000,1980/10/27
2019/10/20,GO37721,スヘララチ,women,48,17000,1971/09/03
2020/06/04,FE81741,コチマロ,women,79,59000,1941/06/09
2019/12/19,YW54739,ミルラモス,men,68,84000,1952/04/13
2020/02/18,DS48015,ミニ,women,81,79000,1939/03/28
2020/03/12,UE78014,ラスレツレ,men,46,79000,1974/02/10
2019/09/15,GU77300,ハムヘウウラ,women,46,32000,1973/10/14
2020/02/11,FO67100,クマ,men,34,14000,1986/07/14
2019/09/22,VB58205,チラヒラヤロ,women,36,87000,1983/11/23
2020/04/30,AB91338,サナネヨ,women,39,65000,1980/09/03
2019/11/22,KA59659,チハヲワネ,men,75,20000,1945/05/07
2019/11/17,YN38288,クムワユイク,women,35,4000,1984/08/26
2020/06/21,EM81421,イヨヘテオ,women,35,56000,1984/12/18
2019/10/07,TD97775,マナシテク,men,60,81000,1959/09/15
2019/08/21,JC96832,セオ,men,39,56000,1980/11/28
2019/11/21,TA44285,ヒケクテ,women,82,18000,1938/08/03
2020/05/24,GY65483,タキ,men,80,92000,1940/02/27
2020/02/02,NP34441,アトウヘ,men,36,66000,1983/12/15
2019/08/31,DE39971,レハヨセ,men,76,95000,1944/02/10
2019/12/08,TH86766,ノラン,women,45,5000,1975/04/16
2020/01/04,FG22221,トヘツ,men,26,40000,1993/09/22
2019/10/19,MP30608,タアセ,men,24,43000,1995/12/31
2020/02/15,VD49766,ネオ,women,57,11000,1963/05/23
2020/07/26,KZ40897,キアエヤエ,men,26,88000,1994/07/15
2020/03/01,KF36729,ニレネミツサ,men,60,9000,1960/06/10
2019/09/23,FR33362,タヤマヤ,men,71,17000,1948/12/20
2019/09/26,AP56614,ワエオルヌヨ,women,41,27000,1978/08/27
2020/03/02,EZ32784,サユムケエノ,men,68,92000,1952/05/08
2019/10/28,GC91040,サモ,women,58,89000,1961/08/08
2019/11/22,EX45502,ソムホメケ,men,34,84000,1986/03/27
2020/01/19,VR97214,キマヲレシメ,men,30,35000,1990/01/02
2020/01/10,PZ16311,アンサフヘホ,men,43,60000,1976/10/02
2019/10/28,VR17638,ケシカラヒ,men,43,4000,1976/10/05
2020/03/01,ET15536,ロネ,women,42,9000,1977/12/25
2020/02/18,IB24694,ロオノロホ,women,24,89000,1995/08/21
2019/12/24,KV40280,シアキ,women,76,32000,1943/12/23
2019/09/15,ML81570,ニネナム,men,54,8000,1965/09/18
2019/08/11,OJ27539,ハアヨエメ,men,27,23000,1993/05/11
2019/12/22,CL15636,モワヨ,men,38,81000,1982/06/15
2020/01/07,NF53183,ナンエリカ,women,66,93000,1953/10/03
2019/10/11,FU73194,ケムヤロン,men,55,41000,1965/07/16
2020/05/21,VE26567,クウリヲ,men,54,60000,1966/07/18
2020/03/07,AJ86827,ロモフ,men,55,56000,1964/10/30
2019/08/06,EE54403,ムロヲフ,women,60,51000,1960/02/07
2020/02/20,DQ74934,ニカ,women,67,20000,1952/09/23
2019/09/04,QP98561,タヲ,women,27,22000,1992/09/30
2019/10/29,JF81894,ツコヨンヤ,women,61,7000,1959/03/21
2020/04/03,MQ33287,チヒ,men,64,10000,1955/11/06
2019/08/28,XX20004,ミラ,men,53,56000,1967/06/22
2019/10/06,RM72942,オシシアムヌ,women,47,50000,1972/11/22
2019/10/26,XR24607,ツニシミタメ,men,75,24000,1945/06/25
2020/07/14,KE76181,リンホ,women,46,29000,1973/11/20
2019/08/13,JL89670,スストヲキ,men,56,26000,1963/09/11
2020/03/23,OG32475,ハワ,men,72,21000,1948/03/05
2020/05/25,MQ81472,フシコ,women,49,83000,1971/02/14
2019/12/13,CF70742,ミソメエルセ,men,42,69000,1978/03/24
2019/08/15,NP27387,ノロトセ,women,67,46000,1952/12/30
2019/09/17,UW32551,ミフケ,men,73,78000,1947/04/05
2019/12/08,HS96069,チソ,women,40,33000,1980/03/03
2020/05/10,DZ33013,ニコツルエヌ,women,48,59000,1972/03/24
2020/03/16,GX90322,セロシケユ,men,62,71000,1957/10/30
2019/12/21,MY47278,ヒノルエ,women,36,15000,1984/06/26
2020/01/30,SK39918,シセモヤイミ,women,43,33000,1977/05/20
2019/12/11,FZ64807,ミサ,women,41,99000,1979/05/22
2019/10/17,AW90753,ヨユム,men,23,25000,1997/07/20
2020/03/13,BB27745,ムコヒケ,women,61,7000,1959/06/24
2020/07/02,PO20362,ナキメク,men,59,41000,1961/03/26
2019/11/04,XP76016,ムエコ,men,36,77000,1984/03/30
2020/07/15,BG51390,ハホメルロ,women,37,36000,1983/05/28
2020/03/01,LX13451,タケニ,women,54,79000,1966/05/04
2020/06/17,IU16124,フツコラ,women,36,26000,1983/11/30
2019/08/31,AO95903,レチマケネ,women,26,33000,1994/07/02
2020/08/01,BU14286,ヘタヨトフ,men,71,78000,1949/06/26
2020/04/30,KQ46363,コソオモ,men,44,80000,1976/02/10
2019/11/14,TH76141,チハ,women,58,49000,1962/04/22
2019/09/15,NW38233,ユス,women,43,82000,1977/02/26
2020/03/06,LG80176,ヲエ,women,46,19000,1973/12/01
2019/11/15,JY93567,テヤ,men,71,17000,1948/10/05
2019/10/21,WU70162,ンミユヘツク,women,66,63000,1954/05/21
2020/04/19,IO35448,コヌホリ,men,52,16000,1968/06/06
2020/03/01,UI85825,コルノシ,men,29,95000,1991/01/03
2019/09/26,YY39310,アアセヲ,women,64,35000,1956/07/28
2020/04/18,ZZ60962,ムサヲナチネ,men,53,46000,1967/05/11
2019/12/05,RI87857,ヘコカスムク,women,51,43000,1969/04/03
2020/05/02,OC44503,テラハオハロ,men,48,76000,1972/02/14
2019/10/21,UA67563,コニチ,women,25,34000,1995/05/12
2019/08/06,DN24246,クノニソネツ,women,47,51000,1972/08/25
2020/01/09,UT22805,ノムレ,men,52,1000,1968/04/08
2020/02/09,DA32051,クスリマ,men,31,15000,1989/01/24
2019/12/12,YH76802,フハコヤヲミ,women,51,89000,1969/06/01
2019/10/28,IM70153,レヤテイタ,men,46,61000,1973/09/27
2020/01/28,AF32939,オセノラミ,women,25,12000,1994/09/06
2020/02/15,BF97941,サモソアラ,women,48,58000,1971/12/13
2020/05/20,MB24774,エヒソ,men,29,83000,1990/10/15
2020/04/22,OQ79524,ツロミネフ,women,80,75000,1940/07/31
2020/02/18,XV30734,テステサ,men,45,11000,1975/03/24
2020/05/31,LX75525,フレワロツ,men,31,76000,1988/10/10
2020/02/17,LH56169,ホサクミミ,men,77,15000,1942/10/18
2020/06/14,WL41621,ヘニミクメ,men,30,52000,1990/06/16
2020/06/20,UV47248,テユムワ,men,44,93000,1976/06/17
2019/10/18,GC58096,ユモヘ,men,54,16000,1966/05/29
2019/11/17,UA20602,スム,women,68,78000,1951/09/16
2019/11/27,ZZ21860,ルヤコン,men,35,18000,1984/12/15
2020/03/10,ZI42508,ネヘワオ,women,33,53000,1987/07/03
2019/10/23,HB92973,ルテ,men,57,1000,1963/04/10
2020/05/08,MY92929,レヒイヤ,women,76,9000,1943/09/06
2019/12/25,NO91123,スムニチシタ,men,80,6000,1940/02/09
2019/08/11,DN86749,ヘルエトセ,men,49,54000,1971/06/14
2020/03/03,QA22400,ラケノ,men,68,49000,1951/12/07
2019/08/13,IE19914,ホレイヤタ,men,71,74000,1949/04/19
2020/06/12,NK94186,エヒ,men,59,56000,1961/02/13
2019/10/17,VO60868,フロコキキナ,men,38,95000,1982/04/16
2020/02/13,QZ51372,コハワタムオ,men,57,67000,1963/06/21
2019/10/16,HP49155,マヒテマ,women,79,8000,1941/04/25
2020/03/29,JM69744,ソクムレメ,men,81,96000,1938/12/16
2019/08/15,HV68448,ノケアスラ,men,72,54000,1948/06/08
2020/04/15,PM86639,シラ,women,69,13000,1950/10/07
2019/10/23,KW88377,アスヲ,men,76,21000,1944/07/21
2020/03/15,QC22653,ヤヘコヨテ,men,29,64000,1990/12/25
2020/03/18,VO95855,ムハケツ,men,52,98000,1968/04/21
2019/10/05,IV25844,フサタキネ,women,46,84000,1974/07/20
2020/06/19,GC26586,テカクミ,women,68,88000,1952/04/03
2019/11/26,PS57532,ツキアセユ,men,47,32000,1973/06/09
2020/01/13,AI23008,アヌネテサ,women,23,1000,1996/09/20
2019/08/27,WV94114,フワタミ,men,59,72000,1961/06/08
2020/04/14,EC33573,マル,men,63,16000,1957/03/28
2019/12/31,RY88074,シアヘム,men,29,27000,1991/04/01
2019/11/14,PX97004,ヒネフツ,women,37,91000,1983/03/25
2020/03/28,BT87845,ニロホカ,men,56,11000,1964/02/25
2020/04/06,XE64131,ハリス,women,58,71000,1962/01/19
2020/07/09,QQ68978,メラトヒユケ,men,65,93000,1955/02/25
2019/11/04,NL48871,トカネ,men,81,60000,1939/02/22
2020/03/10,CI33549,セカフ,women,56,71000,1963/11/30
2020/01/05,FE51783,ミト,women,65,87000,1954/09/15
2019/12/12,WR61858,ツニル,women,47,48000,1972/10/22
2020/06/05,QQ17371,ホルケアンケ,women,23,43000,1996/09/04
2020/07/20,FP29907,ラアホラコホ,men,25,64000,1994/12/20
2019/09/12,VS42971,ンケ,women,80,37000,1939/09/08
2019/09/14,WW25018,ヨスチロフ,women,23,12000,1996/09/05
2019/09/27,EG97599,レエメネレヌ,men,35,38000,1984/12/13
2019/12/03,AI48595,フクセテヒ,men,27,98000,1993/01/02
2019/08/19,EW96830,ノトケ,women,45,98000,1974/10/07
2020/01/08,YS91232,ユホ,men,26,89000,1993/11/29
2019/08/16,JS23649,レロホ,men,70,3000,1949/10/20
2020/06/14,UP26887,マワハネワ,men,50,64000,1969/08/27
2020/04/10,KH80901,ラニオラモ,women,68,74000,1952/01/16
2019/11/14,TH32252,イテモテニ,women,77,56000,1943/06/10
2019/10/24,MQ26354,タナマトモ,men,47,50000,1972/09/26
2020/06/01,LU45137,ヨケ,men,40,90000,1979/12/21
2020/07/09,IP65314,サメニ,women,36,92000,1984/01/13
2019/12/23,DN41532,メイ,men,53,75000,1967/06/28
2020/06/23,MQ63233,ワムリ,men,37,8000,1983/06/03
2020/03/14,RP12157,ナタケハメ,women,52,20000,1968/07/18
2019/12/21,XH34393,トニタカ,men,32,96000,1987/10/25
2020/06/21,ZD38207,ヌロイル,men,70,81000,1950/03/06
2019/08/10,PK66118,ロセ,men,34,95000,1986/03/08
2020/06/29,RB58887,ウモリユ,women,77,39000,1943/01/11
2019/11/25,DR93173,ケサハフ,men,72,82000,1947/09/03
2019/11/21,JL34310,ヘオロヒ,men,38,46000,1982/08/04
2019/08/11,SB66170,ヤムク,men,55,51000,1965/04/24
2020/02/13,WI75873,ワエンヌカサ,men,71,23000,1949/03/09
2019/12/11,RO25575,ホロ,women,37,95000,1982/08/21
2020/04/30,VI49432,セミ,women,40,82000,1979/08/24
2020/04/14,TE90894,コセクシテク,men,36,12000,1984/02/29
2020/05/09,PC15211,ンリ,women,50,6000,1969/11/16
2019/09/09,MR25360,ムユ,men,30,74000,1990/04/18
2020/01/10,KK55665,ナホケエ,women,37,30000,1983/03/28
2020/04/28,KB74261,ウワヤホレ,men,60,16000,1960/04/01
2020/02/01,FA71895,スノキユホ,women,34,86000,1986/07/02
2020/06/22,GY29520,ムテスキ,women,43,88000,1976/10/15
2019/10/19,VX78434,ホヨウフマ,men,43,13000,1977/02/23
2020/02/25,PQ74720,ンタセ,men,63,10000,1956/12/18
2019/10/11,BC85642,ハツホ,men,56,29000,1963/09/29
2019/08/24,LF60151,クソオリナム,men,36,82000,1983/11/30
2020/07/02,DR80295,クニフ,men,36,98000,1983/10/05
2020/05/23,CK38575,ヤフ,men,79,46000,1941/02/20
2020/07/30,ET93326,エナユ,women,78,19000,1942/04/30
2020/07/04,JN78918,サアセヘ,women,56,84000,1963/12/05
2020/02/16,YE83295,ホヌオコ,men,23,14000,1997/03/10
2020/05/03,OP60085,ロワチイ,men,61,19000,1959/06/05
2020/05/28,TG77876,ノスシ,men,58,75000,1961/09/15
2020/03/20,NU83652,クセモラテ,women,54,25000,1966/06/01
2020/02/14,HO95406,テメエミナ,women,54,63000,1966/02/18
2019/11/12,WF62760,メチタヲイ,women,62,69000,1958/02/06
2020/01/11,TM71605,ノヨ,women,65,13000,1955/05/05
2020/04/24,WR31651,トヨホ,women,48,72000,1972/05/10
2020/02/22,JO12957,シヒユヲコ,women,54,2000,1966/02/23
2020/04/12,SG32988,ヒシ,women,72,99000,1948/07/19
2019/09/08,OM65841,アヨヨ,men,79,92000,1940/11/29
2020/01/17,IL47099,クキエヒ,women,27,59000,1992/10/26
2020/08/01,XE61451,ホヒタクナテ,women,46,15000,1973/09/26
2020/01/26,KL68441,シナルヨ,women,68,22000,1952/07/31
2020/03/06,CU24342,サワセニヌ,women,34,64000,1986/07/07
2019/08/07,YT52037,クノカ,women,52,44000,1967/12/25
2020/02/12,OU15593,ムヨテクカタ,men,52,49000,1968/05/05
2020/05/30,DT94290,ニユオウ,women,80,58000,1940/01/04
2020/02/25,IW21720,ウネコ,men,81,3000,1938/09/03
2020/07/28,ON57274,ネノルワ,men,53,39000,1966/09/20
2020/06/20,PG84821,トコナユモ,women,75,21000,1945/01/06
2019/12/26,DS21342,ネワハテ,women,51,10000,1968/08/16
2020/07/19,SW28000,ユモケタネイ,men,23,85000,1997/01/05
2020/06/10,BQ92824,エシト,women,42,95000,1978/01/28
2020/04/22,RA95702,ネトク,men,67,73000,1952/09/28
2020/08/04,RK14735,オマナマレ,men,67,75000,1953/05/17
2020/05/21,RN20262,ケメツレテ,women,47,79000,1973/03/01
2019/11/24,KG52444,ニセタメエ,men,54,40000,1965/10/07
2020/02/05,AC13092,ユタニムテン,men,45,35000,1975/03/05
2020/06/08,IF46541,ヤトフ,women,52,43000,1968/04/17
2020/05/22,UG35624,ホン,men,76,75000,1944/02/21
2020/05/14,OI17942,トトンツヌ,women,74,88000,1945/09/02
2020/04/11,PJ48340,ヨクトカレ,men,54,89000,1965/11/29
2020/03/29,WY16618,ウトラム,women,60,82000,1959/09/13
2019/12/10,FU15859,ネイハ,men,33,82000,1986/08/29
2019/11/23,VM80035,セヨキトノ,women,74,14000,1946/06/11
2019/12/01,JF87600,ヤヨコキヨリ,women,26,84000,1994/02/27
2019/08/27,OR69546,キストロユ,women,53,26000,1967/02/01
2019/08/08,ZB51162,クルヨキム,men,53,62000,1966/12/14
2019/11/03,ZY33865,キクミンテ,men,31,91000,1988/08/30
2019/08/06,XT12058,フモ,men,37,22000,1982/08/15
2020/02/06,FG15720,ノケタハタテ,women,37,98000,1983/07/15
2020/01/10,BC74609,ニシメスツ,women,62,48000,1957/09/15
2020/06/25,SB56773,コメレタホ,men,47,14000,1972/08/08
2020/05/06,MK75211,ナナワヨム,men,67,23000,1953/08/02
2020/06/02,CW78390,モケク,men,58,94000,1961/11/28
2019/11/10,FD20476,ワオモフニ,men,24,64000,1995/11/25
2020/06/01,HT62829,コキセケミ,men,32,68000,1988/01/06
2020/06/27,HQ62461,トセセル,women,71,32000,1948/11/16
2020/06/11,GE53067,ワムシルオム,women,72,45000,1948/04/22
2020/01/11,OE22855,ンミンツシ,men,36,30000,1984/07/01
2020/02/23,RA50092,リモヌイワ,women,46,48000,1973/12/04
2020/06/01,LW80463,ワオトエ,men,79,97000,1941/07/23
2020/02/08,HU25943,ニルヘノヤ,women,50,80000,1969/11/06
2019/11/02,FJ44516,メシチケヌ,women,64,60000,1955/09/29
2020/03/22,BL98071,キムアヒ,women,64,98000,1956/03/25
2020/03/06,TU55207,レラメテ,women,43,44000,1976/08/26
2019/09/02,NM60694,コマヘク,men,73,60000,1947/01/04
2020/01/23,ER98901,ニフナハ,women,50,27000,1969/12/26
2020/05/19,GF13710,ワモ,men,26,76000,1994/03/17
2019/09/14,IQ41115,フロト,men,35,20000,1985/05/19
2020/06/22,XV69995,ヨフ,men,69,12000,1950/11/19
2020/03/10,JT55318,チユルンルチ,women,43,51000,1977/01/30
2020/04/18,ZQ53675,ユフテ,women,54,86000,1966/08/01
2019/10/17,WF97886,ムムユム,men,57,90000,1963/04/20
2020/06/21,EX82809,サモ,men,73,54000,1946/10/26
2020/01/17,PI90778,ウセケツ,men,50,56000,1969/09/04
2019/08/25,NU25566,キルム,men,56,80000,1964/04/26
2020/02/27,VO94945,ケホヒモメネ,men,71,58000,1948/08/26
2020/04/30,VE28988,ウム,men,73,72000,1946/08/06
2020/03/21,DN94903,メトタヌ,men,23,31000,1997/04/09
2020/07/07,TH82790,ラテテ,women,65,90000,1955/05/06
2019/12/30,FZ39788,ミニヲサホ,women,41,45000,1979/04/21
2019/10/02,NQ49878,アワカスエ,women,65,74000,1955/07/27
2020/02/29,PJ56495,アネ,women,76,96000,1943/09/07
2019/12/08,SG23922,ヌネソヤタレ,women,39,95000,1981/07/08
2020/02/25,AI99966,キオシン,men,80,47000,1939/10/03
2019/11/10,QB70684,モシシ,women,38,40000,1982/01/04
2020/05/23,YN45601,イホリネチ,men,33,76000,1987/05/27
2019/12/21,MN86960,アフヲソユ,men,49,13000,1971/01/23
2020/05/17,ZX27489,ヤユ,women,55,86000,1964/11/12
2020/02/04,YH92062,ヲル,men,73,9000,1947/04/04
2019/12/07,GA66832,チミワ,men,71,51000,1948/12/21
2019/10/04,CA84309,ンツラキカ,women,53,31000,1966/12/30
2019/11/19,SG26404,ヤテハフ,men,67,96000,1952/09/06
2020/07/29,WT20843,イシレ,men,22,40000,1997/10/11
2020/06/10,ME41768,ウマワソヒ,men,41,73000,1979/01/31
2020/05/19,IV62566,セカヘ,women,76,39000,1944/08/03
2019/11/25,KP64912,エイホミヨツ,men,78,29000,1941/09/09
2020/03/14,BI48267,モヌニリ,women,72,40000,1948/04/22
2019/09/09,PI15422,ナムロンリニ,men,31,67000,1988/08/10
2019/12/28,IA46789,テミヒハラウ,men,47,99000,1973/03/09
2019/11/24,WN33947,ンリヤヘオ,men,56,88000,1964/04/01
2020/05/10,GL15618,コヒウ,men,56,30000,1963/10/11
2020/03/13,IE49033,ヲトアセヨ,men,29,49000,1991/06/08
2019/10/13,LE62651,ミネナム,men,69,86000,1951/04/06
2020/04/26,XJ88431,チム,men,29,55000,1991/07/17
2020/02/18,IA72280,スン,men,69,88000,1950/10/12
2020/07/22,GW45519,コタハタテ,men,47,16000,1972/10/19
2019/12/21,RR58946,ヒンヨ,women,36,69000,1984/06/29
2020/02/06,DQ38245,レラト,men,25,30000,1995/05/22
2020/01/25,ZF46938,イクムトマン,men,37,4000,1983/08/02
2019/08/23,IP65093,サホホクイン,women,42,77000,1977/08/08
2020/04/30,AU80463,イスメンマ,women,69,96000,1951/01/05
2020/04/06,TB82115,ヒハセヤオヨ,men,73,39000,1946/09/16
2020/07/22,XE72823,ミミメヲ,men,35,15000,1985/05/08
2019/12/23,LX26612,ツアチ,women,78,70000,1941/11/05
2020/02/19,MW64981,スヘウシセイ,men,64,90000,1955/09/02
2019/10/08,PF99524,リソ,women,69,95000,1950/10/23
2020/02/28,BX76761,ノイサオス,men,49,25000,1971/05/24
2020/04/18,QQ25724,ソンイロテ,women,25,71000,1995/01/14
2019/09/04,QS26040,ツオソ,women,37,98000,1982/11/24
2019/08/07,GV31886,アヤ,women,36,91000,1983/12/24
2019/10/02,VO24972,ケヲ,men,80,47000,1939/10/08
2020/07/06,QW78458,トセエ,women,49,96000,1970/08/19
2020/03/21,BT88238,オカスオ,women,59,21000,1960/12/25
2020/02/07,BT16998,クア,men,30,47000,1990/04/20
2020/05/08,EG66272,イメヘク,men,48,16000,1972/03/27
2020/06/27,UL92412,ネリ,women,40,48000,1979/11/27
2019/11/02,PN46142,ヌヒヨンタエ,men,36,26000,1984/04/16
2020/02/14,UJ58574,マモラユヒセ,men,62,61000,1958/04/14
2019/11/01,EL35932,ホロハラ,men,51,52000,1968/11/20
2020/07/17,KH49603,ノラ,women,42,86000,1978/04/30
2020/07/21,GF46497,ルムヒケオメ,men,49,98000,1971/05/28
2019/08/09,FA24723,ヘイ,men,67,9000,1952/11/18
2019/08/30,TJ60085,オミリタキエ,men,33,84000,1987/01/15
2019/12/21,XB40435,チヲヨワスオ,men,80,58000,1940/04/19
2019/12/13,UH80305,ヨコオモタ,women,31,4000,1988/11/17
2020/02/11,ID33040,ヘエラセユシ,women,65,56000,1955/04/04
2019/11/02,SB33217,コマ,women,43,72000,1977/03/30
2019/11/11,XI84791,ツンミホ,women,34,60000,1986/07/07
2019/11/19,DJ53459,テメモノ,men,44,80000,1976/01/03
2020/04/13,IP56399,ニチニムヤ,women,58,72000,1961/11/27
2020/01/08,GE27457,オテオワ,women,44,6000,1976/04/21
2020/01/26,AL24010,テムヲ,men,39,45000,1981/06/20
2020/02/10,XM15070,スニヨオチ,women,78,38000,1941/12/23
2020/07/16,VU51921,エルリ,men,25,86000,1995/05/03
2020/07/07,ZC89641,ンヘセメヌカ,men,57,11000,1962/09/04
2019/10/08,MN39708,ノア,men,25,53000,1995/07/28
2020/02/12,PK46287,イイソリニ,men,46,72000,1974/03/30
2020/06/24,HI12111,ヒヘ,women,44,99000,1976/05/21
2019/12/14,ZT77716,ユセネ,men,74,28000,1946/06/18
2020/06/04,IK97669,ヒヒフタ,men,82,93000,1938/06/17
2020/07/08,RJ74501,ノソネニ,women,81,82000,1939/02/08
2019/09/07,XF65092,エアセホ,men,66,76000,1954/05/19
2020/03/31,VA25488,ホロヌツソク,women,60,74000,1960/06/07
2020/06/07,XY35159,トヨケカサカ,women,58,6000,1962/01/01
2020/07/26,XX21362,ツテオヘム,men,61,54000,1959/07/06
2020/02/20,QW30550,ツアモムレ,men,29,36000,1990/08/12
2019/12/24,QT62313,セヘニナスユ,men,80,30000,1939/08/31
2020/05/27,GL91322,ユユキリコナ,women,55,83000,1964/12/20
2020/06/02,WR15670,リシワオハ,women,35,43000,1984/10/20
2019/08/20,YE88170,ホツ,women,55,47000,1964/10/28
2019/09/03,YP86773,ハヨ,women,23,61000,1997/02/07
2020/07/19,VG54057,ハク,women,75,72000,1945/05/28
2020/04/05,RL86378,クラテテル,women,81,98000,1939/02/15
2019/10/01,XD24171,ハフスマンロ,men,47,22000,1973/01/22
2019/12/20,NG60173,キアホニ,women,51,7000,1968/12/11
2019/10/14,WW48998,チイア,men,67,72000,1952/11/14
2020/03/29,DM59741,タヤ,men,50,24000,1969/11/23
2019/09/07,BM72988,サル,women,58,27000,1962/01/27
2019/08/07,MS76217,ヌンヨネイヨ,women,60,15000,1959/10/11
2020/01/15,DF34231,ホキニトツラ,women,63,84000,1957/06/04
2020/06/02,IC31970,シマ,men,49,27000,1971/02/11
2020/05/19,RE75795,ソヌメ,men,79,1000,1941/05/26
2020/02/19,DD34126,キヲミカユシ,men,34,11000,1986/07/22
2019/11/12,NB92988,ナヤ,men,80,51000,1940/04/02
2019/12/25,AC40470,ヘスル,men,77,58000,1943/07/09
2020/07/02,RB54179,カイホ,men,38,94000,1981/11/09
2019/12/30,NJ97760,ンラトチ,women,77,70000,1942/09/22
2020/07/06,YI96572,リンリアンナ,women,48,28000,1972/03/29
2019/10/03,AM59481,ウノテソ,women,56,44000,1964/07/19
2020/06/28,YE48391,セユユルタ,men,69,2000,1950/11/15
2019/08/09,XD57103,モンヘツテタ,women,61,56000,1959/01/25
2019/08/28,KJ50732,ルヤケ,men,43,77000,1977/05/03
2020/04/15,CU22239,ヘオワレウニ,women,51,65000,1969/07/14
2020/04/18,KT49328,モモセ,men,36,82000,1984/07/11
2020/07/22,OG80389,レヲヒエ,women,53,93000,1967/06/27
2019/08/09,TD53538,オユホ,men,42,14000,1978/04/05
2019/10/16,XK21171,キケニエ,women,28,24000,1992/06/09
2019/10/07,JW83092,コキメワ,men,62,19000,1958/02/12
2020/01/31,KT63747,ンムホカンツ,men,55,32000,1964/11/28
2020/02/16,VF28554,カヲルソミ,women,27,41000,1993/07/09
2020/01/24,AB34148,ハヤモナ,men,30,81000,1990/02/22
2019/09/30,WJ81205,メホネ,men,26,87000,1993/12/03
2020/03/24,DT16551,イテトコハ,men,34,86000,1985/10/13
2019/12/29,AB41897,ヒハ,women,56,50000,1964/07/24
2019/08/09,DN82692,ヒソフヲユ,men,43,54000,1977/07/02
2020/02/07,QZ70543,コケヨメモン,women,47,93000,1973/07/18
2019/12/09,CJ49567,リヘ,men,37,15000,1982/10/20
2020/06/02,ZX25121,エチノ,women,28,87000,1991/12/26
2020/01/05,XO60248,シナ,men,67,16000,1952/11/03
2019/12/18,WO31660,イネコ,women,57,89000,1962/10/31
2020/05/26,NE55264,ケユレウメ,women,28,69000,1991/10/13
2020/01/29,KL37779,ケクヨルス,men,73,20000,1947/01/26
2019/08/24,GF34856,ヤオシ,women,56,91000,1964/03/17
2020/06/14,AJ43031,キツルツ,women,25,93000,1995/03/29
2020/02/20,ZU78361,ヒアメエ,men,31,15000,1988/08/07
2019/08/07,EP64597,フヲ,women,25,95000,1994/09/27
2019/10/17,CT57889,タネロイ,men,60,8000,1960/06/20
2019/12/20,BZ88135,ハテソ,women,37,43000,1982/11/24
2020/06/04,MO54649,チユ,women,47,68000,1973/01/13
2020/04/20,ZG67385,フテネネ,women,42,91000,1978/07/09
2020/03/10,UY87283,ナヲ,women,29,71000,1990/12/11
2020/05/01,QO14087,ナリラツ,women,43,92000,1977/06/09
2019/11/29,QN75720,サワ,men,29,84000,1991/05/21
2020/01/28,FX34910,ケムカ,men,60,31000,1960/01/22
2020/07/07,ZR26057,ケノキコミア,women,61,76000,1959/04/05
2019/08/21,GG32685,マモシ,men,59,92000,1960/10/02
2020/01/15,TJ84747,ムヲヨムロテ,women,42,24000,1978/07/06
2019/09/04,LL50235,サロツセウ,men,57,25000,1963/08/01
2019/12/10,SH82302,オカス,women,74,43000,1945/12/05
2020/01/09,RY98719,ラナロ,women,76,69000,1943/09/05
2020/01/28,KX12763,ヒユリル,women,73,40000,1946/12/08
2019/08/31,LJ62566,ラヘ,men,59,21000,1961/08/02
2020/01/27,WL56900,ニヤネメリ,women,51,34000,1968/09/20
2019/10/30,LL55836,イノヤネニ,women,32,74000,1987/11/11
2019/08/26,NE39038,イルモマキヘ,women,79,40000,1941/05/31
2019/10/21,UB71021,サエリキ,women,75,33000,1944/11/01
2020/04/07,YL92159,トラテホタ,men,51,14000,1969/03/03
2020/07/02,FA95109,ンニ,men,63,19000,1957/05/12
2020/02/11,JB12733,セイナクセ,men,48,58000,1972/01/09
2019/10/23,AJ33121,ソン,men,28,50000,1992/03/08
2020/02/05,IO99698,カクノレ,men,77,65000,1942/09/01
2019/08/18,YA96917,フナツヘム,men,67,68000,1953/03/17
2019/09/13,QP31107,ハソノ,men,60,59000,1960/06/07
2019/12/26,FB47048,ウロツホモ,women,29,16000,1990/12/19
2020/05/09,XG44196,メハ,men,69,68000,1951/01/06
2020/03/15,AT77778,ネコ,women,61,3000,1959/07/03
2020/05/11,BR49878,チモロ,women,71,81000,1949/07/19
2020/05/26,PR15673,ワエム,women,36,64000,1984/01/20
2020/07/16,SP75324,ンマウ,men,76,70000,1943/10/02
2019/12/30,RE47930,ルヨシケ,women,56,95000,1963/10/29
2020/06/14,AM47056,ムチクネ,women,71,98000,1949/05/29
2020/07/30,WI91258,ネオモアン,women,28,78000,1992/02/16
2020/05/15,KQ20779,ヒスヤ,men,67,95000,1952/08/08
2020/04/09,XZ31480,セカアウル,men,25,15000,1994/10/17
2020/04/08,SN28554,シヤトメヒシ,men,59,60000,1960/09/25
2019/12/21,VL47784,サネセムヘ,women,63,12000,1957/07/03
2019/09/02,IZ24048,ヌワリタメン,men,47,69000,1973/07/23
2019/12/17,EV88639,カヨ,men,62,47000,1958/01/05
2020/08/01,SA44472,マンソ,women,70,2000,1950/04/28
2020/07/16,RY93784,ヌル,women,40,90000,1980/01/06
2020/05/13,VA40071,ナツタラメ,women,42,58000,1978/06/30
2020/05/13,QY76558,クイ,women,54,45000,1965/08/22
2020/08/04,IP17394,コモン,men,44,15000,1976/01/31
2019/08/09,LN20483,ノミサヌトサ,men,73,19000,1947/04/03
2019/09/28,AX61907,オウキラセメ,men,72,22000,1947/10/07
2020/01/17,GG56708,ラワ,women,22,14000,1998/02/15
2020/06/23,BZ91176,ホホヌモ,men,68,54000,1951/10/15
2019/08/06,AZ94658,オホウセアセ,women,32,7000,1987/11/19
2020/06/23,OY16589,ヘウラニイタ,women,33,63000,1987/02/05
2019/08/24,MP93308,クヨハムヒオ,men,77,87000,1943/04/24
2019/08/09,KG31736,オオヲトハ,women,46,35000,1974/03/06
2019/10/31,WA49552,ユメ,women,62,33000,1958/06/28
2020/04/29,HF52671,アシテ,women,67,39000,1953/06/15
2020/06/14,IY40732,ウイシラムモ,men,73,98000,1947/05/21
2019/10/12,JX61571,エハツツン,women,58,69000,1962/05/16
2020/04/23,UU95587,ナエ,women,31,91000,1988/09/19
2019/12/24,DQ65878,リルアカワナ,women,29,46000,1991/05/29
2020/08/01,LL59119,アホチヨト,women,33,9000,1986/11/05
2020/02/06,JJ71902,マナヤマウエ,men,66,19000,1954/02/17
2019/10/20,QS58690,サンムイフセ,men,71,85000,1949/05/04
2019/12/22,QR35725,ムリキケ,men,62,32000,1958/07/28
2020/01/08,SJ80905,ハキシヨワ,women,45,95000,1974/11/14
2019/11/08,LG28763,ヌヌセア,women,46,67000,1974/04/07
2019/09/21,UJ83852,ルホ,men,27,19000,1993/02/25
2019/09/25,XK78939,ヘネハト,men,67,93000,1953/03/05
2020/02/27,NN15521,クナモメコク,women,76,26000,1944/03/31
2020/07/05,HT22054,エテオ,women,26,53000,1994/05/03
2019/11/09,JB31724,チエ,women,73,92000,1946/11/09
2020/01/04,SI87609,ネヒキシリエ,men,60,82000,1960/02/23
2020/07/16,ME41337,ネヲラカルホ,men,31,75000,1989/01/03
2020/07/26,GX23697,フヤヌ,men,53,81000,1967/03/04
2020/03/30,AV52210,アネラニヲ,men,24,55000,1995/11/16
2020/07/21,YG75568,フテテツチル,men,50,85000,1969/12/11
2020/05/16,YD18284,サユ,women,36,20000,1983/09/27
2020/01/14,EP69940,ニヨイチ,men,56,84000,1964/07/03
2019/11/30,FN21212,ヒハモヤキ,men,59,94000,1961/04/23
2020/02/01,LD24476,エリコキ,men,63,31000,1957/01/11
2020/05/30,YN67023,ツケフ,men,29,31000,1991/01/23
2020/06/20,GH99039,フセハ,men,50,68000,1970/04/22
2020/08/03,QT89881,サチモセニル,women,70,86000,1949/09/24
2019/09/20,FT97131,コニ,women,59,33000,1961/04/23
2020/06/09,QQ96059,クナイヲ,women,48,25000,1971/11/02
2020/03/30,YP55555,ムロンチ,men,61,14000,1958/09/02
2019/12/14,ZK92922,メハ,men,60,51000,1959/08/15
2020/05/25,TB35131,ウレホツウ,women,35,62000,1985/04/07
2019/10/29,IZ95409,ラカアヌテイ,women,56,26000,1964/01/16
2020/05/27,BP47575,ハミトヌラ,women,23,28000,1997/03/08
2020/04/21,ED70382,カサコ,women,80,45000,1940/06/19
2019/11/26,XU87114,ムケ,women,44,65000,1975/11/08
2020/05/01,ST25792,フミサ,women,63,45000,1957/04/11
2020/02/05,EX65892,ルケノユテナ,men,58,11000,1962/04/23
2020/01/14,EX72695,トモニキナヲ,men,40,99000,1979/09/27
2020/04/26,YL26817,ミウ,women,52,5000,1968/07/22
2020/01/22,QM22895,ンレ,men,75,74000,1945/06/02
2019/09/28,EW72839,ヲアサヌ,women,49,45000,1971/06/11
2020/06/25,JD46025,モネヲヌ,men,35,27000,1984/09/09
2019/09/25,XS22034,マリトテ,women,33,70000,1987/03/09
2019/10/28,DJ93808,レワ,women,25,17000,1995/06/29
2020/01/09,YV87817,ユオスナム,men,35,63000,1985/01/30
2020/05/14,AN84241,モエノ,men,62,88000,1957/08/08
2020/04/05,CK48585,フユニコイ,men,46,78000,1974/05/21
2019/11/08,KE37853,シキマカホ,men,74,75000,1946/04/16
2019/12/26,DR38643,ラミシヨ,women,38,11000,1981/10/31
2020/03/17,JT79504,キマハ,men,66,34000,1954/04/27
2019/10/21,DU33435,ンノマ,men,61,74000,1958/08/18
2019/11/04,GD47320,セラヨ,women,80,23000,1940/02/16
2020/07/30,WU41756,ロモフア,women,48,77000,1971/11/28
2019/10/27,ZQ50408,ヨフ,men,70,79000,1950/03/25
2019/08/31,UY40036,モリンフユナ,men,57,55000,1963/01/08
2020/03/27,YJ74624,サメロ,women,64,95000,1956/07/27
2020/07/31,PV61401,クツワリモ,women,68,83000,1951/10/21
2020/05/29,AG81882,シカニスヲ,men,61,67000,1958/12/28
2020/03/30,SF98719,ヨナキス,women,39,71000,1980/12/08
2019/08/31,DZ85583,オシフトトリ,women,35,53000,1984/12/11
2019/10/14,KY90864,スコ,men,38,49000,1981/08/07
2019/10/30,DE18410,レホレ,women,52,54000,1968/07/19
2020/01/30,YA28717,ソリヒメ,men,81,9000,1938/12/14
2020/01/12,PR82516,メハ,women,68,96000,1952/07/27
2020/06/02,OQ46242,ミニムタ,women,59,86000,1961/01/13
2020/05/08,NY37073,コトハツユ,women,64,87000,1956/03/30
2020/06/24,WZ24406,リエヘワ,men,70,10000,1950/03/10
2020/01/11,JQ13465,ヤヘ,men,28,96000,1992/03/14
2020/01/26,AD59377,ウシウヌンス,men,62,78000,1957/12/03
2020/03/12,VD36305,シニナナ,women,27,60000,1993/05/26
2019/10/07,ZT40187,ルチホ,men,76,65000,1944/04/25
2019/11/30,BY91430,サワオナタナ,men,43,65000,1977/01/02
2020/07/12,EX90098,サンキセ,men,60,98000,1959/09/17
2019/08/08,ZA15938,ネミンシ,women,67,95000,1953/06/16
2020/06/09,HQ41471,スク,women,76,93000,1944/07/23
2020/06/04,XF77649,ヌテエエスヌ,men,64,22000,1955/11/04
2020/02/20,NG83603,ミンヲサ,women,63,30000,1956/08/24
2020/05/24,CX97325,ヌテクタカサ,men,39,4000,1980/10/02
2019/08/19,TI64162,ハノ,women,64,79000,1956/01/24
2020/02/19,IR58375,ノクツトテ,women,81,97000,1939/03/01
2020/02/26,LG75496,サテアカメ,men,79,32000,1941/04/17
2019/08/13,YX33516,ヤルクワテソ,women,63,69000,1956/09/26
2019/10/15,VJ63469,セムヌミ,men,39,80000,1980/08/30
2019/10/03,XX13521,ツヒケルタオ,women,29,43000,1990/11/11
2020/03/23,OK69183,ルケハフナ,women,70,98000,1950/03/19
2020/01/25,HH73638,ヌナウアリナ,women,45,87000,1974/12/09
2020/01/08,XO41886,キス,women,70,22000,1950/08/02
2019/12/04,WM50596,ヘル,men,82,48000,1938/07/11
2019/11/24,HV73432,エカワセルシ,women,66,81000,1953/09/24
2020/04/11,UN85860,ヌナホテ,men,71,43000,1949/07/19
2020/06/30,BO72153,フアタタワ,men,24,7000,1996/04/23
2020/04/16,FJ53902,カチンレメソ,women,36,22000,1983/12/26
2019/09/07,PS71434,ノルヤ,men,78,85000,1942/06/24
2020/04/22,ZA76212,ヌモムキ,women,62,84000,1958/05/22
2020/03/07,SX63574,コヒ,women,75,68000,1944/12/19
2020/04/20,NB79072,ケオカナ,women,65,87000,1955/06/15
2020/07/13,CA32157,ナノ,women,45,98000,1975/05/24
2019/09/30,KC19948,ヨタヒ,men,62,90000,1957/11/05
2020/04/04,ZD44224,ウンユナ,men,79,36000,1941/03/16
2019/12/05,DX88937,キイエムニレ,men,40,91000,1979/08/26
2020/03/09,BD24392,タカフ,women,41,38000,1978/11/21
2020/06/20,PK61926,ソン,men,45,91000,1975/06/13
2019/11/04,VN40547,ウニ,women,80,73000,1940/06/24
2020/01/29,NM88285,ヘヨタチコチ,women,63,10000,1957/04/29
2019/10/20,SX92193,コネニリ,women,62,59000,1957/12/28
2019/10/13,YO80353,リタレ,men,29,73000,1991/07/29
2019/12/13,WD26939,イキユハフ,women,72,91000,1948/03/27
2020/02/21,RE27290,キナタユ,women,53,3000,1967/07/31
2020/05/09,PB34178,メネス,women,54,5000,1965/08/24
2019/09/05,HN44216,サラソムロマ,men,34,52000,1986/07/20
2020/01/02,PC75861,ソシモ,women,72,53000,1948/06/23
2019/10/31,KL28402,サユカモハニ,men,70,60000,1949/12/29
2020/05/19,UY51227,ノヌコレ,women,41,32000,1978/09/22
2019/11/25,GL64427,オヨセ,women,64,97000,1956/04/02
2020/02/15,XM42557,ムメテイ,men,59,68000,1961/04/04
2019/11/25,HF75668,カソ,men,70,21000,1950/05/05
2020/02/26,VR90629,イセ,women,42,7000,1977/12/17
2020/02/06,FV29076,キヒホツス,women,59,42000,1960/08/09
2019/09/27,UH34033,ヨイネ,men,58,2000,1961/08/21
2019/09/17,OQ12956,ヌマエケ,women,60,92000,1960/03/28
2020/06/26,OL21669,シモンレロム,women,35,4000,1985/01/10
2020/05/26,KX53885,サテ,men,66,86000,1953/09/16
2019/12/01,EQ93586,ホホ,women,46,68000,1974/05/25
2020/05/02,UO28175,ケテメ,men,34,77000,1985/09/02
2020/01/02,LT27601,ムヤケ,men,70,15000,1950/05/28
2020/06/13,TO35281,アミンユ,women,24,46000,1996/03/30
2019/09/02,OM26734,アコニキロソ,men,25,79000,1995/04/27
2020/01/27,ZQ29950,ネテネリモツ,women,76,97000,1944/07/25
2019/12/08,RL65736,ホモヒツシレ,women,60,68000,1959/08/09
2020/03/22,LU88126,セム,women,50,74000,1970/04/26
2020/02/29,FF23053,コムフモノノ,men,53,35000,1967/07/12
2019/09/20,HY87751,ソナテニ,women,82,85000,1938/07/14
2019/09/11,CB45913,メヘヤケラ,men,25,5000,1995/03/21
2020/08/03,MF48478,マロヨヒクク,women,44,70000,1975/09/01
2019/09/10,YH74610,スハ,women,36,55000,1983/09/04
2020/05/19,QD84564,オメ,men,21,98000,1998/08/20
2020/07/31,RN84449,ロミスミ,women,29,77000,1990/09/02
2019/09/18,MP84529,セサワシカ,women,79,56000,1941/04/25
2020/05/12,VF59218,オトヌリ,men,26,34000,1994/01/15
2020/08/04,SM24849,イツ,women,33,72000,1987/01/03
2020/03/28,FA29965,モアマニヨ,men,50,27000,1969/12/03
2020/02/19,FH60458,ネアメネヲヘ,men,22,8000,1998/01/26
2020/05/18,WE15283,ホシヘリツヒ,men,64,64000,1956/06/10
2020/07/30,LI67656,ロトヌ,women,80,13000,1939/11/14
2020/04/04,OA96201,オソヘトレロ,men,48,71000,1971/09/25
2020/02/02,GD88360,レリミ,men,53,19000,1967/02/11
2019/09/26,CT72675,シクリ,women,39,17000,1980/11/08
2019/09/15,RU26347,カツス,men,29,31000,1991/03/19
2020/01/11,GR84069,ツウ,men,48,56000,1971/09/06
2019/10/31,ML79560,マヲレ,women,22,55000,1998/08/03
2020/06/21,JP19734,ユケフミ,women,65,65000,1954/11/20
2019/11/25,UI22474,ヤム,women,44,5000,1976/02/15
2020/03/14,LM34629,タツトユユセ,men,36,1000,1983/09/27
2019/12/18,IT27264,レミキハキ,men,45,59000,1974/10/28
2020/06/02,SL61613,ルオウエミ,women,54,78000,1966/03/26
2020/02/05,AB91018,ルヒ,women,63,84000,1957/01/06
2020/05/02,BJ82667,エサアクカセ,women,79,63000,1941/01/18
2019/11/01,LS13309,セイツシモ,men,33,79000,1987/06/01
2020/03/15,AW67055,ワアルクメ,women,46,94000,1974/02/21
2020/07/15,IM42074,カコマ,men,22,20000,1997/12/21
2020/05/16,ZA52877,モンネ,women,26,99000,1993/08/20
2020/03/07,LH78190,ンヌテ,women,80,70000,1940/02/16
2019/09/23,TF65351,キリ,men,61,13000,1958/12/17
2019/09/03,MN15806,カンテレ,women,27,61000,1993/08/05
2019/12/12,ZB89181,ヤレラ,women,52,34000,1968/05/19
2020/07/24,AK57173,ヲワ,women,77,32000,1943/04/08
2019/12/10,LE19612,コス,women,74,78000,1946/07/13
2019/10/07,JX66253,ヤメカ,women,24,54000,1996/03/01
2020/07/05,TS54433,ワソエ,women,65,31000,1955/04/01
2020/07/06,GI21698,ルリロ,men,39,42000,1981/04/18
2019/10/30,EV79434,ミヲチナ,women,73,31000,1947/03/14
2020/02/15,UA88295,ヨセ,men,46,47000,1974/01/22
2020/03/10,WD54617,イクリ,men,23,50000,1996/09/02
2019/10/11,GH79393,マウヘンネメ,women,55,58000,1964/09/20
2019/09/28,JG46128,アミハンセ,women,30,66000,1990/07/22
2020/07/20,RG52181,ヤスサナ,women,74,80000,1946/04/14
2019/08/08,VD85188,メセソム,women,80,45000,1939/09/09
2019/12/02,LU53072,ヒセ,women,59,12000,1960/10/22
2019/10/11,ON32160,ノヲリルサ,women,62,97000,1957/09/28
2020/07/16,CR78118,ラホ,women,25,81000,1995/06/16
2020/06/23,AN17321,トハヌタ,men,70,58000,1949/09/29
2019/09/11,SS12782,セヒハソカウ,men,60,67000,1960/03/21
2019/12/04,MP29494,ヤエヨ,women,43,2000,1976/12/14
2019/12/22,KL28131,フヌシマサ,women,72,97000,1948/07/19
2019/08/14,UF59834,セストミキラ,men,38,91000,1982/05/17
2020/03/03,BP12072,アイイテケ,women,32,28000,1988/06/13
2020/07/27,JY47881,ヘオハ,women,41,73000,1979/02/03
2020/04/16,NX86081,ハル,women,24,82000,1995/11/02
2020/06/13,ZG88548,ヘロコネ,men,55,53000,1964/11/06
2020/06/15,XL98189,タヤテ,men,42,65000,1978/07/17
2019/12/21,XB87046,ヲナトン,women,45,81000,1974/12/04
2019/10/05,MF53760,ニイヒサ,men,36,7000,1984/02/10
2020/06/29,QW98307,ヘユ,men,56,12000,1964/06/14
2020/03/02,PA83245,テユ,men,22,29000,1998/03/19
2020/04/13,EG37088,クテ,women,42,32000,1978/01/07
2020/03/30,XK56153,ケサ,women,34,89000,1986/02/07
2019/09/10,FQ20750,モクコシスコ,men,75,62000,1944/12/07
2019/12/11,TE54359,ヨレケヌ,men,60,89000,1959/12/03
2019/10/12,MW82942,ロネセ,women,73,58000,1947/04/16
2019/11/07,RK14671,スヲテヨチ,men,43,47000,1977/01/26
2019/08/12,JI66596,シヲメセカ,women,41,56000,1978/09/26
2020/07/11,ZB40854,ネチスワハ,men,60,50000,1960/03/15
2020/05/12,JP63301,ソヘリハコ,women,57,62000,1963/07/10
2019/12/09,VX81297,ヌラカトタン,men,60,8000,1960/06/19
2019/11/24,EI66434,ルサノイ,women,59,96000,1961/02/24
2020/05/25,EA17106,クツホラ,women,45,21000,1974/09/24
2020/02/07,XV75782,ケユメヘ,women,66,14000,1953/08/22
2020/03/24,SX91608,カミ,women,61,96000,1959/02/24
2020/01/20,FB77300,コナラ,men,68,29000,1952/07/13
2020/05/03,EN25061,ムロキニマリ,women,25,73000,1995/05/04
2020/03/25,MB34343,ネキ,men,40,59000,1979/10/21
2019/11/07,TA54388,ホヘマタイ,women,63,48000,1956/10/08
2020/01/01,NF74867,エミネキタヘ,men,40,33000,1980/06/24
2020/06/19,GE63232,ヌミソニ,women,52,35000,1968/05/26
2020/03/07,LQ36329,ウウ,women,37,7000,1982/11/28
2019/09/23,ZD46670,セテエテト,women,60,49000,1959/11/22
2020/03/27,BE74152,ニナネヲ,men,46,43000,1974/01/11
2020/04/05,NY96573,ナエナ,women,61,34000,1958/12/17
2019/09/19,GM83389,セハミケムア,women,74,33000,1946/02/02
2020/06/07,YY32468,ツマタ,men,74,91000,1945/08/30
2019/09/26,WR23709,フマリ,men,50,89000,1970/01/23
2019/12/27,DQ84209,ウレタ,women,67,23000,1952/10/29
2019/09/24,IP18189,カワヌナ,women,37,82000,1982/11/04
2020/05/08,HG51854,ヤタソエエコ,women,75,1000,1945/02/23
2020/02/18,HQ98126,ヨロカノカチ,men,28,36000,1992/04/21
2019/08/10,WO30891,ハカホヤサモ,women,48,31000,1971/12/12
2020/02/19,VW46803,シノフ,women,26,42000,1994/02/07
2020/05/20,PL26792,スモ,men,47,28000,1973/01/03
2020/07/31,UH21573,リセオンユハ,men,64,95000,1956/02/05
2019/10/03,WR31439,トヤトリヌ,men,81,41000,1939/03/20
2020/02/05,BN72270,チタ,men,75,4000,1944/10/24
2019/09/12,QY29386,イヘヤ,women,81,46000,1938/11/07
2020/06/27,WT28722,エケレキ,women,42,85000,1978/03/02
2020/06/27,NK72091,コム,women,62,56000,1957/12/27
2020/02/03,MV87786,ヤサヨ,men,70,46000,1949/11/09
2019/09/26,YK66022,ユツ,women,37,96000,1983/05/23
2019/09/17,OU39226,ロフリン,men,64,23000,1956/04/10
2020/02/09,KI88448,ヨクモソメ,men,66,18000,1954/07/02
2019/12/24,RW63602,ンオウ,women,52,66000,1967/12/20
2020/06/01,WU81926,トフコレ,women,25,51000,1994/11/30
2019/11/29,RW69285,ルホ,women,48,33000,1972/04/08
2019/09/21,AC23579,コトテトヲ,men,43,56000,1977/08/05
2019/09/30,TT59958,ムアケテホ,women,34,35000,1985/11/09
2019/08/22,IA70987,ミセ,women,78,87000,1942/04/04
2020/07/13,YE28815,ロクテンレケ,women,51,74000,1969/04/15
2020/03/16,XV29078,マトソセ,women,74,3000,1946/07/10
2020/07/28,XO16872,ヤコアキ,men,76,29000,1943/11/12
2019/11/03,TE27511,マア,men,43,73000,1976/11/14
2019/10/30,CP38871,スクニヲヌケ,women,51,43000,1968/08/09
2020/02/16,JE24739,チヘア,women,36,64000,1983/10/02
2019/08/08,OJ60874,ノヒトネカサ,men,65,40000,1955/08/02
2019/10/18,UV34044,ホキ,men,54,91000,1966/02/26
2020/04/15,KE30825,ミセノタハ,men,50,36000,1970/05/19
2020/07/31,BV21524,オセミ,women,79,8000,1941/04/23
2019/09/15,EB62562,ルレアアヌ,women,74,45000,1946/07/28
2019/10/19,FR25289,チク,women,75,95000,1945/02/27
2020/05/28,IH24087,ヤアタヨトナ,men,59,41000,1961/05/27
2019/08/16,UO66296,ロルミユハコ,women,79,27000,1941/07/14
2019/08/22,YC87733,セタ,men,76,75000,1943/08/07
2020/04/10,RT55154,ナアユ,men,38,40000,1981/11/13
2020/01/29,FN48128,ヨネニ,men,66,39000,1954/01/26
2020/03/14,YZ55199,ワアロミ,women,40,31000,1980/04/28
2019/11/29,TQ35769,ラカヌレユ,men,74,46000,1946/06/10
2020/02/29,PF25773,ヒチクタタ,women,71,65000,1948/09/07
2019/10/23,GU84743,ンスヨル,women,56,7000,1964/06/13
2019/09/13,MZ97551,カキツリリ,women,75,19000,1945/06/11
2019/09/30,DK16968,センメ,women,50,98000,1969/12/23
2019/08/26,FZ43064,ナタオニ,women,46,17000,1974/04/16
2019/12/03,WV56148,ソルセナルノ,men,48,95000,1972/03/23
2019/09/15,OH44627,ユルユモト,women,31,52000,1988/11/22
2020/02/23,PV54265,オマ,men,26,51000,1994/07/10
2019/08/11,ZD71539,テマフソキ,men,79,81000,1940/10/08
2020/03/04,ON28424,ロヤカムメ,men,50,23000,1969/11/30
2020/07/23,QO43628,モラレ,men,74,80000,1946/05/23
2020/06/19,IH90622,エコワ,women,78,88000,1942/08/05
2020/02/23,GY29214,オヨ,men,41,38000,1979/05/12
2019/11/23,BO20975,タテ,men,49,61000,1971/05/17
2019/08/21,WZ95206,ルシエオツノ,women,65,13000,1954/09/24
2020/05/26,IP14343,ムソロニラモ,men,53,46000,1967/02/04
2020/04/11,LD41004,ルルミ,women,36,22000,1984/02/13
2020/02/10,XR84135,ルヲキス,women,50,28000,1969/09/04
2020/03/11,XD50693,フテセ,men,74,22000,1946/01/17
2020/02/10,EZ47603,ケウモ,men,33,9000,1987/05/20
2020/02/26,SO61752,ノネメシケ,men,59,5000,1960/11/01
2020/07/31,JJ34760,ワウツウ,women,39,99000,1981/02/09
2020/06/12,MP88452,ロアテ,men,41,2000,1978/12/30
2020/03/07,ZX60623,ヒモク,men,70,39000,1950/06/27
2020/06/10,YE23332,ネヨマイ,men,39,80000,1981/03/28
2019/11/05,HK81961,ミムラキ,men,27,7000,1993/02/20
2020/03/29,EM19436,ワヘニ,women,69,85000,1951/05/01
2020/02/21,JZ45819,ルエリタヌサ,men,26,5000,1993/10/24
2020/03/16,WY38460,ヒヌチモムユ,men,22,59000,1998/02/06
2020/06/05,XL12075,マモキヲ,men,59,16000,1960/11/11
2020/02/06,KR26052,ノヤリネノ,men,68,32000,1951/11/22
2020/02/28,CS61485,メエア,women,22,32000,1997/12/08
2020/04/26,XN51792,ヌネノ,women,41,83000,1979/07/05
2019/09/15,SZ25529,セコ,men,64,85000,1955/09/28
2020/07/25,SR73074,マケカラトマ,men,63,57000,1956/09/29
2020/04/26,HG45901,モキ,women,78,79000,1942/01/21
2019/10/29,II74726,ワンレチ,men,61,86000,1959/06/26
2019/09/02,DY24512,ウイ,men,70,16000,1950/06/19
2019/12/06,WB49419,ホヲ,men,47,1000,1972/10/23
2020/01/04,WQ17115,タモロテサテ,women,30,67000,1990/07/13
2020/07/28,KK79356,ンオラシラミ,men,79,53000,1941/05/14
2020/01/21,OH77489,ワネツハ,women,36,81000,1984/04/29
2019/12/02,HY61861,エト,men,60,64000,1960/05/03
2020/07/31,IL65810,ミスヲハアワ,women,66,30000,1954/01/03
2019/10/03,OY99590,ソユハワ,men,22,93000,1997/09/02
2019/10/14,PK38899,キイヲサ,men,29,40000,1990/11/03
2019/11/03,CO28983,モキウマ,women,49,57000,1970/09/18
